sample_index,episode_name,frame_index,task_index,prompt,mse,rmse,mae,max_abs_error,rel_error,cosine_similarity_mean,agreement_1e-2,agreement_1e-3,agreement_1e-4,agreement_1e-5,mse_jax_gt,mse_torch_gt,time_jax_ms,time_torch_ms
0,episode_000000,0,1,Grasp the apple from the table and put it in the box,7.580262899864465e-05,0.008706470524767465,0.0032641543075442314,0.08022844791412354,0.13335542380809784,0.9998301506042481,0.9144736842105263,0.5552631578947368,0.175,0.11842105263157894,0.00026848033303394914,8.812313171802089e-05,461.9274139404297,801.0215759277344
1,episode_000000,1,1,Grasp the apple from the table and put it in the box,8.061952394200489e-05,0.008978837560731617,0.0033444236032664776,0.08541545271873474,0.17147758603096008,0.9998190402984619,0.9131578947368421,0.5157894736842106,0.17105263157894737,0.11447368421052631,0.00025976469623856246,7.761184679111466e-05,588.5825157165527,592.3926830291748
2,episode_000000,2,1,Grasp the apple from the table and put it in the box,0.00013660993135999888,0.011688025126598544,0.004211893770843744,0.1021943986415863,0.12359486520290375,0.9996956408023834,0.8986842105263158,0.4881578947368421,0.14210526315789473,0.10657894736842105,0.00036958963028155267,8.166780753526837e-05,528.2049179077148,663.9747619628906
3,episode_000000,3,1,Grasp the apple from the table and put it in the box,0.00018274938338436186,0.013518483028223317,0.00481516495347023,0.10899725556373596,0.41178005933761597,0.9995928287506104,0.881578947368421,0.4986842105263158,0.1513157894736842,0.11052631578947368,0.00044361368054524064,8.637167047709227e-05,426.2664318084717,587.4223709106445
4,episode_000000,4,1,Grasp the apple from the table and put it in the box,0.0002325142704648897,0.01524841862177484,0.005349654704332352,0.11435642838478088,1.70677649974823,0.9994817525148392,0.875,0.5131578947368421,0.15263157894736842,0.10789473684210527,0.0005247799563221633,9.791259799385443e-05,574.265718460083,546.5524196624756
5,episode_000000,5,1,Grasp the apple from the table and put it in the box,0.0003225605469197035,0.017959970682595878,0.0063741509802639484,0.12892785668373108,0.18811923265457153,0.9992826581001282,0.8539473684210527,0.4868421052631579,0.15263157894736842,0.10921052631578948,0.0007015654700808227,0.00012296580825932324,516.3493156433105,568.6719417572021
6,episode_000000,6,1,Grasp the apple from the table and put it in the box,0.0003309574967715889,0.01819223726680116,0.006706821732223034,0.1249413788318634,0.13599823415279388,0.9992634445428848,0.8368421052631579,0.4881578947368421,0.14342105263157895,0.10921052631578948,0.0007541937520727515,0.00015077044372446835,495.6090450286865,534.3015193939209
7,episode_000000,7,1,Grasp the apple from the table and put it in the box,0.0004132455214858055,0.020328441196653654,0.0075102453120052814,0.13932722806930542,0.24900493025779724,0.9990798830986023,0.8236842105263158,0.4855263157894737,0.16447368421052633,0.11315789473684211,0.0007578315562568605,0.00012351044279057533,504.8356056213379,555.795431137085
8,episode_000000,8,1,Grasp the apple from the table and put it in the box,0.00038494160980917513,0.0196199288940907,0.007355959620326757,0.12735483050346375,0.24067114293575287,0.9991421401500702,0.8263157894736842,0.49473684210526314,0.1631578947368421,0.1118421052631579,0.0008159001590684056,0.00016310848877765238,494.5070743560791,543.3192253112793
9,episode_000000,9,1,Grasp the apple from the table and put it in the box,0.0004768318322021514,0.021836479391196546,0.008190511725842953,0.14250358939170837,0.16747748851776123,0.9989384293556214,0.8078947368421052,0.45394736842105265,0.16578947368421051,0.11578947368421053,0.0007614435162395239,0.00011920415272470564,500.81777572631836,534.508228302002
10,episode_000000,10,1,Grasp the apple from the table and put it in the box,9.779279207577929e-05,0.009889023818141975,0.004359527491033077,0.060020267963409424,0.11357466131448746,0.9997825920581818,0.8618421052631579,0.5289473684210526,0.17105263157894737,0.11315789473684211,0.0009097066940739751,0.0004991191672161222,527.8685092926025,545.1068878173828
11,episode_000000,11,1,Grasp the apple from the table and put it in the box,6.893384124850854e-05,0.008302640619014444,0.0038798421155661345,0.045673906803131104,0.13614463806152344,0.999846613407135,0.8907894736842106,0.5184210526315789,0.1736842105263158,0.1118421052631579,0.0008898897212930024,0.0005467973533086479,344.1922664642334,561.2204074859619
12,episode_000000,12,1,Grasp the apple from the table and put it in the box,3.1765193853061646e-05,0.005636061909974166,0.0027539171278476715,0.028940975666046143,0.06320683658123016,0.9999293029308319,0.9236842105263158,0.5460526315789473,0.19473684210526315,0.11447368421052631,0.0008224497432820499,0.0006043310277163982,348.9840030670166,591.7356014251709
13,episode_000000,13,1,Grasp the apple from the table and put it in the box,2.36141167988535e-05,0.0048594358519125965,0.0023845930118113756,0.024946600198745728,0.08154310286045074,0.9999473810195922,0.9407894736842105,0.5644736842105263,0.19210526315789472,0.11447368421052631,0.0008155818795785308,0.0006246751872822642,355.11112213134766,569.0577030181885
14,episode_000000,14,1,Grasp the apple from the table and put it in the box,2.1457877664943226e-05,0.004632264852633453,0.002338886959478259,0.022919297218322754,0.7982435822486877,0.9999521881341934,0.9328947368421052,0.5697368421052632,0.19342105263157894,0.10921052631578948,0.0007312422385439277,0.0005860155215486884,356.9822311401367,606.7843437194824
15,episode_000000,15,1,Grasp the apple from the table and put it in the box,2.321069587196689e-05,0.0048177480083506745,0.0025128310080617666,0.02517569065093994,0.11450668424367905,0.9999484121799469,0.9381578947368421,0.5210526315789473,0.175,0.11447368421052631,0.0007124376716092229,0.0005414154729805887,384.9294185638428,578.3040523529053
16,episode_000000,16,1,Grasp the apple from the table and put it in the box,2.236987347714603e-05,0.004729680060759504,0.002425412181764841,0.02308124303817749,0.08682023733854294,0.999950185418129,0.9289473684210526,0.5644736842105263,0.17105263157894737,0.10921052631578948,0.0006518633454106748,0.0004902211367152631,384.0465545654297,590.2566909790039
17,episode_000000,17,1,Grasp the apple from the table and put it in the box,1.1814535355370026e-05,0.0034372278590995425,0.001902107149362564,0.016222327947616577,0.09629081189632416,0.9999736398458481,0.9671052631578947,0.575,0.18421052631578946,0.10921052631578948,0.0005961417919024825,0.0005122734000906348,371.46472930908203,574.9857425689697
18,episode_000000,18,1,Grasp the apple from the table and put it in the box,1.661331953073386e-05,0.004075944004857508,0.0022967159748077393,0.017963871359825134,0.327707439661026,0.9999629259109497,0.9473684210526315,0.5184210526315789,0.16578947368421051,0.1118421052631579,0.0005783131928183138,0.00047089948202483356,354.91323471069336,570.2841281890869
19,episode_000000,19,1,Grasp the apple from the table and put it in the box,1.6297144611598924e-05,0.004036972208425384,0.002313064644113183,0.02035139501094818,0.11797936260700226,0.9999636679887771,0.9552631578947368,0.5052631578947369,0.15789473684210525,0.10657894736842105,0.0005266603548079729,0.0004450623819138855,380.33342361450195,567.1224594116211
